<?xml version="1.0" encoding="UTF-8"?>
<jcr:root xmlns:sling="http://sling.apache.org/jcr/sling/1.0" xmlns:cq="http://www.day.com/jcr/cq/1.0" xmlns:jcr="http://www.jcp.org/jcr/1.0" xmlns:nt="http://www.jcp.org/jcr/nt/1.0"
          jcr:primaryType="nt:unstructured"
          jcr:title="Step Properties"
          sling:resourceType="cq/gui/components/authoring/dialog">
    <content
            jcr:primaryType="nt:unstructured"
            sling:resourceType="granite/ui/components/coral/foundation/tabs">
        <items jcr:primaryType="nt:unstructured">
            <common
                    cq:hideOnEdit="true"
                    jcr:primaryType="nt:unstructured"
                    jcr:title="Common"
                    sling:resourceType="granite/ui/components/coral/foundation/fixedcolumns"/>
            <process
                    cq:hideOnEdit="true"
                    jcr:primaryType="nt:unstructured"
                    jcr:title="Process"
                    sling:resourceType="granite/ui/components/coral/foundation/fixedcolumns"/>
            <processcommon
                    jcr:primaryType="nt:unstructured"
                    jcr:title="Common"
                    sling:resourceType="granite/ui/components/coral/foundation/fixedcolumns">
                <items jcr:primaryType="nt:unstructured">
                    <column
                            jcr:primaryType="nt:unstructured"
                            sling:resourceType="granite/ui/components/coral/foundation/container">
                        <items jcr:primaryType="nt:unstructured">
                            <basic
                                    jcr:primaryType="nt:unstructured"
                                    sling:resourceType="granite/ui/components/coral/foundation/form/fieldset">
                                <items jcr:primaryType="nt:unstructured">
                                    <title
                                            jcr:primaryType="nt:unstructured"
                                            sling:resourceType="granite/ui/components/coral/foundation/form/textfield"
                                            disabled="false"
                                            fieldLabel="Title"
                                            name="./jcr:title"/>
                                    <description
                                            jcr:primaryType="nt:unstructured"
                                            sling:resourceType="granite/ui/components/coral/foundation/form/textarea"
                                            disabled="false"
                                            fieldLabel="Description"
                                            name="./jcr:description"/>
                                </items>
                            </basic>
                            <advanced
                                    jcr:primaryType="nt:unstructured"
                                    jcr:title="Advanced Settings"
                                    sling:resourceType="granite/ui/components/coral/foundation/form/fieldset">
                                <items jcr:primaryType="nt:unstructured">
                                    <advance
                                            jcr:primaryType="nt:unstructured"
                                            sling:resourceType="granite/ui/components/coral/foundation/form/checkbox"
                                            fieldDescription="Check if your handler will advance to the next step."
                                            fieldLabel="Handler Advance"
                                            name="./metaData/PROCESS_AUTO_ADVANCE"
                                            text="Handler Advance"
                                            value="true"/>
                                    <timeout
                                            jcr:primaryType="nt:unstructured"
                                            sling:resourceType="granite/ui/components/coral/foundation/form/textfield"
                                            fieldDescription="The external process timeout (in seconds)."
                                            fieldLabel="Timeout"
                                            defaultValue="1000000"
                                            name="./metaData/timeout"/>
                                    <period
                                            jcr:primaryType="nt:unstructured"
                                            sling:resourceType="granite/ui/components/coral/foundation/form/textfield"
                                            fieldDescription="The polling interval (in seconds) to test for external process completion."
                                            fieldLabel="Period"
                                            defaultValue="90"
                                            name="./metaData/period"/>
                                    <advanceOnTimeout
                                            jcr:primaryType="nt:unstructured"
                                            sling:resourceType="granite/ui/components/coral/foundation/form/checkbox"
                                            fieldDescription="Check if you want to advance when the timeout is reached. Uncheck if you want to proceed to the inbox when the timeout is reached ."
                                            fieldLabel="Advance On Timeout"
                                            name="./metaData/advanceOnTimeout"
                                            value="false"
                                            text="Advance On Timeout"/>
                                </items>
                            </advanced>
                        </items>
                    </column>
                </items>
            </processcommon>
        </items>
    </content>
</jcr:root>