<?xml version="1.0" encoding="UTF-8"?>
<jcr:root xmlns:sling="http://sling.apache.org/jcr/sling/1.0" xmlns:granite="http://www.adobe.com/jcr/granite/1.0" xmlns:jcr="http://www.jcp.org/jcr/1.0" xmlns:nt="http://www.jcp.org/jcr/nt/1.0"
          jcr:primaryType="nt:unstructured"
          sling:resourceType="granite/ui/components/coral/foundation/container">
    <items jcr:primaryType="nt:unstructured">
        <includeclientlibs
                jcr:primaryType="nt:unstructured"
                sling:resourceType="granite/ui/components/coral/foundation/includeclientlibs"
                categories="[fm.base.flamingodialog]"/>
        <flamingodialog
                granite:id="fm-id-flamingodialog"
                jcr:primaryType="nt:unstructured"
                jcr:title="Conversion Settings"
                sling:resourceType="granite/ui/components/coral/foundation/dialog"
                closable="{Boolean}true">
            <items jcr:primaryType="nt:unstructured">
                <flamingoform
                        granite:id="flamingoform"
                        jcr:primaryType="nt:unstructured"
                        sling:resourceType="granite/ui/components/coral/foundation/form"
                        enctype="application/x-www-form-urlencoded"
                        maximized="{Boolean}true"
                        method="post"
                        style="vertical">
                    <items jcr:primaryType="nt:unstructured">
                        <tabs
                                jcr:primaryType="nt:unstructured"
                                sling:resourceType="granite/ui/components/coral/foundation/tabs"
                                maximized="{Boolean}true">
                            <items jcr:primaryType="nt:unstructured">
                                <basic
                                        jcr:primaryType="nt:unstructured"
                                        jcr:title="Basic"
                                        sling:resourceType="granite/ui/components/coral/foundation/container">
                                    <items jcr:primaryType="nt:unstructured">
                                        <fixedcolumns
                                                jcr:primaryType="nt:unstructured"
                                                sling:resourceType="granite/ui/components/coral/foundation/fixedcolumns"
                                                maximized="{Boolean}true">
                                            <items jcr:primaryType="nt:unstructured">
                                                <container
                                                        jcr:primaryType="nt:unstructured"
                                                        sling:resourceType="granite/ui/components/coral/foundation/container"
                                                        margin="{Boolean}true">
                                                    <items jcr:primaryType="nt:unstructured">
                                                        <general
                                                                jcr:primaryType="nt:unstructured"
                                                                sling:resourceType="granite/ui/components/coral/foundation/form/fieldset">
                                                            <items jcr:primaryType="nt:unstructured">
                                                                <cloudConfigPath
                                                                        granite:id="fm-id-cloud-config"
                                                                        jcr:primaryType="nt:unstructured"
                                                                        sling:resourceType="granite/ui/components/coral/foundation/form/select"
                                                                        emptyText="Select"
                                                                        fieldLabel="Configuration"
                                                                        required="{Boolean}true"
                                                                        fieldDescription="Select a pre-defined configuration for conversion to adaptive forms. The configurations is located at tools > cloud services > conversion to adaptive forms."
                                                                        name="cloudConfig">
                                                                    <datasource
                                                                            jcr:primaryType="nt:unstructured"
                                                                            sling:resourceType="fd/flamingo/gui/cloudservices/dataprovider/flamingodataprovider"/>
                                                                    <options
                                                                            jcr:primaryType="nt:unstructured"
                                                                            sling:resourceType="granite/ui/components/coral/foundation/form/autocomplete/list"/>
                                                                </cloudConfigPath>
                                                                <templateLocation
                                                                        granite:id="fm-id-template-location"
                                                                        jcr:primaryType="nt:unstructured"
                                                                        sling:resourceType="granite/ui/components/coral/foundation/form/pathfield"
                                                                        required="{Boolean}true"
                                                                        emptyText="Select Template"
                                                                        fieldLabel="Template"
                                                                        name="templateLoc"
                                                                        rootPath="/conf"
                                                                        value="/conf/ReferenceEditableTemplates/settings/wcm/templates/basic"/>
                                                                <themeLocation
                                                                        granite:id="fm-id-theme-location"
                                                                        jcr:primaryType="nt:unstructured"
                                                                        sling:resourceType="granite/ui/components/coral/foundation/form/pathfield"
                                                                        required="{Boolean}true"
                                                                        emptyText="Select Theme"
                                                                        fieldLabel="Theme"
                                                                        name="themeLoc"
                                                                        rootPath="/content/dam/formsanddocuments-themes"
                                                                        value="/content/dam/formsanddocuments-themes/reference-themes/canvas-2-0"/>
                                                                <outFormLocation
                                                                        granite:id="fm-id-output-form-location"
                                                                        jcr:primaryType="nt:unstructured"
                                                                        sling:resourceType="granite/ui/components/coral/foundation/form/pathfield"
                                                                        required="{Boolean}true"
                                                                        emptyText="Select converted adaptive form folder"
                                                                        fieldLabel="Converted Adaptive Form Location"
                                                                        name="outputFolder"
                                                                        rootPath="/content/dam/formsanddocuments" />
                                                                <schemaLocation
                                                                        granite:id="fm-id-output-schema-location"
                                                                        jcr:primaryType="nt:unstructured"
                                                                        sling:resourceType="granite/ui/components/coral/foundation/form/pathfield"
                                                                        required="{Boolean}true"
                                                                        emptyText="Select generated schema folder"
                                                                        fieldLabel="Generated Schema Location"
                                                                        name="outputSchemaFolder"
                                                                        rootPath="/content/dam/formsanddocuments" />
                                                            </items>
                                                        </general>
                                                    </items>
                                                </container>
                                            </items>
                                        </fixedcolumns>
                                    </items>
                                </basic>
                                <preview
                                        jcr:primaryType="nt:unstructured"
                                        jcr:title="Preview"
                                        sling:resourceType="granite/ui/components/coral/foundation/container">
                                    <items jcr:primaryType="nt:unstructured">
                                        <fixedcolumns
                                                jcr:primaryType="nt:unstructured"
                                                sling:resourceType="granite/ui/components/coral/foundation/fixedcolumns"
                                                maximized="{Boolean}true">
                                            <items jcr:primaryType="nt:unstructured">
                                                <container
                                                        jcr:primaryType="nt:unstructured"
                                                        sling:resourceType="granite/ui/components/coral/foundation/container"
                                                        margin="{Boolean}true">
                                                    <items jcr:primaryType="nt:unstructured">
                                                        <general
                                                                jcr:primaryType="nt:unstructured"
                                                                sling:resourceType="granite/ui/components/coral/foundation/form/fieldset">
                                                            <items jcr:primaryType="nt:unstructured">
                                                                <note
                                                                        granite:id="flamingo-fm-note"
                                                                        jcr:primaryType="nt:unstructured"
                                                                        sling:resourceType="granite/ui/components/coral/foundation/text"
                                                                        name="preserveLayout"
                                                                        tooltipPosition="left"
                                                                        text="NOTE - Experimental features are still under development. You cannot use Review and Correct editor with experimental features in Preview tab. "/>
                                                                <fragment
                                                                        granite:id="flamingo-fm-fragment-checkbox"
                                                                        jcr:primaryType="nt:unstructured"
                                                                        sling:resourceType="granite/ui/components/coral/foundation/form/checkbox"
                                                                        name="fragments"
                                                                        text="Extract Fragments"
                                                                        value="true"
                                                                        checked="false"/>
                                                                <generatedFragLocation
                                                                        granite:id="fm-id-frag-location"
                                                                        jcr:primaryType="nt:unstructured"
                                                                        sling:resourceType="granite/ui/components/coral/foundation/form/pathfield"
                                                                        required="{Boolean}true"
                                                                        disabled="{Boolean}true"
                                                                        emptyText="Select generated fragment folder"
                                                                        fieldLabel="Generated Fragment Location"
                                                                        name="fragFolder"
                                                                        rootPath="/content/dam/formsanddocuments" />
                                                                <generatedFragSchemaLocation
                                                                        granite:id="fm-id-frag-schema-location"
                                                                        jcr:primaryType="nt:unstructured"
                                                                        sling:resourceType="granite/ui/components/coral/foundation/form/pathfield"
                                                                        required="{Boolean}true"
                                                                        disabled="{Boolean}true"
                                                                        emptyText="Select generated fragment schema folder"
                                                                        fieldLabel="Generated Fragment Schema Location"
                                                                        name="fragSchemaFolder"
                                                                        rootPath="/content/dam/formsanddocuments" />
                                                                <fragmentLocation
                                                                        granite:id="fm-id-fragment-location"
                                                                        sling:resourceType="granite/ui/components/coral/foundation/form/pathfield"
                                                                        jcr:primaryType="nt:unstructured"
                                                                        emptyText="Select Fragment Location"
                                                                        fieldLabel="Existing Fragments"
                                                                        fieldDescription="Specify the location of existing adaptive form fragments. These fragments are included in the generated adaptive forms, if applicable."
                                                                        name="fragmentLoc"
                                                                        rootPath="/content/dam/formsanddocuments"/>
                                                                <preserveLayout
                                                                        granite:id="flamingo-fm-layout-checkbox"
                                                                        jcr:primaryType="nt:unstructured"
                                                                        sling:resourceType="granite/ui/components/coral/foundation/form/checkbox"
                                                                        name="preserveLayout"
                                                                        tooltipPosition="left"
                                                                        text="Auto-detect multi column layout from input forms"
                                                                        value="true"
                                                                        checked="false"/>
                                                                <generateNoneBindings
                                                                        granite:id="flamingo-fm-nonebindings-checkbox"
                                                                        jcr:primaryType="nt:unstructured"
                                                                        sling:resourceType="granite/ui/components/coral/foundation/form/checkbox"
                                                                        name="generateNoneBindings"
                                                                        text="Generate adaptive form(s) without data model bindings"
                                                                        value="true"
                                                                        checked="false"/>
                                                                <generateAcroFormDoR
                                                                        granite:id="flamingo-fm-acroformdor-checkbox"
                                                                        jcr:primaryType="nt:unstructured"
                                                                        sling:resourceType="granite/ui/components/coral/foundation/form/checkbox"
                                                                        name="generateAcroFormDoR"
                                                                        text="Use input Acroform as Document of Record template for generated Adaptive Form"
                                                                        value="true"
                                                                        checked="false"/>
                                                            </items>
                                                        </general>
                                                    </items>
                                                </container>
                                            </items>
                                        </fixedcolumns>
                                    </items>
                                </preview>
                            </items>
                        </tabs>
                    </items>
                </flamingoform>
            </items>
            <footer jcr:primaryType="nt:unstructured">
                <close
                        jcr:primaryType="nt:unstructured"
                        sling:resourceType="granite/ui/components/coral/foundation/button"
                        text="Cancel"
                        variant="quiet">
                    <parentConfig
                            jcr:primaryType="nt:unstructured"
                            close="{Boolean}true"/>
                </close>
                <submit
                        granite:id="fm-id-flamingoproperties-submit"
                        jcr:primaryType="nt:unstructured"
                        sling:resourceType="granite/ui/components/coral/foundation/button"
                        text="Start Conversion"
                        variant="primary"/>
            </footer>
        </flamingodialog>
    </items>
</jcr:root>