<?xml version="1.0" encoding="utf-8" standalone="no"?>
<!DOCTYPE properties SYSTEM "http://java.sun.com/dtd/properties.dtd">
<properties>
<comment>FileVault Package Properties</comment>
<entry key="createdBy">admin</entry>
<entry key="name">We.SPA-Apps</entry>
<entry key="lastModified">2018-12-18T14:38:47.402+05:30</entry>
<entry key="lastModifiedBy">admin</entry>
<entry key="created">2018-12-18T14:38:47.422+05:30</entry>
<entry key="buildCount">1</entry>
<entry key="version"/>
<entry key="packageType">application</entry>
<entry key="dependencies"/>
<entry key="packageFormatVersion">2</entry>
<entry key="description"/>
<entry key="lastWrapped">2018-12-18T14:38:47.402+05:30</entry>
<entry key="group">my_packages</entry>
<entry key="lastWrappedBy">admin</entry>
</properties>
