<?xml version="1.0" encoding="UTF-8"?>
<jcr:root xmlns:sling="http://sling.apache.org/jcr/sling/1.0" xmlns:granite="http://www.adobe.com/jcr/granite/1.0" xmlns:cq="http://www.day.com/jcr/cq/1.0" xmlns:jcr="http://www.jcp.org/jcr/1.0" xmlns:nt="http://www.jcp.org/jcr/nt/1.0"
    jcr:primaryType="cq:Page">
    <jcr:content
        jcr:primaryType="nt:unstructured"
        jcr:title="Automated Forms Conversion Configuration Properties"
        sling:resourceType="granite/ui/components/shell/propertiespage"
        backHref="${empty header.Referer ? granite:url(granite:concat(&quot;/libs/fd/flamingo/gui/cloudservices/flamingo.html&quot;, granite:encodeURIPath(granite:relativeParent(param.item, 4)))) : header.Referer}"
        formId="flamingo-properties-page"
        maximized="{Boolean}true"
        simpleSave="{Boolean}false">
        <head jcr:primaryType="nt:unstructured">
            <clientlibs
                jcr:primaryType="nt:unstructured"
                sling:resourceType="granite/ui/components/coral/foundation/includeclientlibs"
                categories="[coralui3,cq.siteadmin.common,granite.ui.coral.foundation,aemds.guides.flamingo]"/>
        </head>
       <title
            jcr:primaryType="nt:unstructured"
            sling:resourceType="cq/gui/components/siteadmin/admin/properties/title"
            path="${param.item}"/>
        <content
            granite:id="flamingo-properties-form"
            jcr:primaryType="nt:unstructured"
            sling:resourceType="cq/gui/components/siteadmin/admin/properties/form"
            maximized="{Boolean}true"
            path="${param.item}"
            style="vertical"
            foundationForm="{Boolean}true">
            <items jcr:primaryType="nt:unstructured">
                <tabs
                        jcr:primaryType="nt:unstructured"
                        sling:resourceType="granite/ui/components/coral/foundation/tabs"
                        maximized="{Boolean}true"
                        size="L">
                    <items jcr:primaryType="nt:unstructured">
                        <basic
                                jcr:primaryType="nt:unstructured"
                                sling:resourceType="granite/ui/components/coral/foundation/include"
                                path="fd/flamingo/gui/cloudservices/flamingo/createcloudconfigwizard/cloudservices/jcr:content/body/items/form/items/wizard/items/basic"/>
                        <advanced
                                jcr:primaryType="nt:unstructured"
                                sling:resourceType="granite/ui/components/coral/foundation/include"
                                path="fd/flamingo/gui/cloudservices/flamingo/createcloudconfigwizard/cloudservices/jcr:content/body/items/form/items/wizard/items/advanced"/>
                    </items>
                </tabs>
            </items>
        </content>
    </jcr:content>
</jcr:root>
