<?xml version="1.0" encoding="UTF-8"?>
<jcr:root xmlns:sling="http://sling.apache.org/jcr/sling/1.0" xmlns:cq="http://www.day.com/jcr/cq/1.0" xmlns:jcr="http://www.jcp.org/jcr/1.0" xmlns:nt="http://www.jcp.org/jcr/nt/1.0"
          jcr:isCheckedOut="{Boolean}false"
          jcr:primaryType="cq:WorkflowModel"
          jcr:uuid="67b0f80d-21be-4cf0-9577-669d44b955e5"
          sling:resourceType="cq/workflow/components/model"
          description="Flamingo AEM conversion workflow"
          title="conversionWorkflow">
    <metaData
            cq:lastModified="{Long}1553586208330"
            cq:lastModifiedBy="admin"
            jcr:primaryType="nt:unstructured"/>
    <nodes jcr:primaryType="nt:unstructured">
        <node0
                jcr:primaryType="cq:WorkflowNode"
                title="Start"
                type="START">
            <metaData jcr:primaryType="nt:unstructured"/>
        </node0>
        <node1
                jcr:primaryType="cq:WorkflowNode"
                description="Poll Orchestrator External Process"
                title="Poll Conversion Status"
                type="EXTERNAL_PROCESS">
            <metaData
                    jcr:primaryType="nt:unstructured"
                    EXTERNAL_PROCESS="com.adobe.flamingo.service.impl.PollOrchestratorExternalProcess"
                    period="60"
                    PROCESS_ARGS="test"
                    PROCESS_AUTO_ADVANCE="true"
                    timeout="1000000"/>
        </node1>
        <node2
                jcr:primaryType="cq:WorkflowNode"
                description="Goto Step"
                title="Create AF skipping other workflows"
                type="PROCESS">
            <metaData
                    jcr:primaryType="nt:unstructured"
                    PROCESS="com.adobe.granite.workflow.core.process.GotoProcess"
                    PROCESS_AUTO_ADVANCE="false"
                    scriptPath="/libs/workflow/scripts/flamingoConnector/checkOnlyAFCreation.ecma"
                    TARGET_NODE_ID="node6"
                    TARGET_NODE_PATH="/libs/settings/workflow/models/conversionWorkflow/jcr:content/flow/createafprocess"/>
        </node2>
        <node3
                jcr:primaryType="cq:WorkflowNode"
                description="Invoke Orchestrator Workflow External Process"
                title="Invoke and Poll Orchestrator Workflow"
                type="EXTERNAL_PROCESS">
            <metaData
                    jcr:primaryType="nt:unstructured"
                    EXTERNAL_PROCESS="com.adobe.flamingo.service.impl.InvokeOrchestratorWorkflowExternalProcess"
                    period="60"
                    PROCESS_ARGS="test"
                    PROCESS_AUTO_ADVANCE="true"
                    timeout="1000000"/>
        </node3>
        <node4
                jcr:primaryType="cq:WorkflowNode"
                description="Goto Step"
                title="Check Pending Workflow"
                type="PROCESS">
            <metaData
                    jcr:primaryType="nt:unstructured"
                    PROCESS="com.adobe.granite.workflow.core.process.GotoProcess"
                    PROCESS_AUTO_ADVANCE="false"
                    scriptPath="/libs/workflow/scripts/flamingoConnector/check.ecma"
                    TARGET_NODE_ID="node3"
                    TARGET_NODE_PATH="/libs/settings/workflow/models/conversionWorkflow/jcr:content/flow/invokeorchestrator"/>
        </node4>
        <node5
                jcr:primaryType="cq:WorkflowNode"
                description="Get CRTool Json External Process"
                title="Get CRTool Json"
                type="EXTERNAL_PROCESS">
            <metaData
                    jcr:primaryType="nt:unstructured"
                    EXTERNAL_PROCESS="com.adobe.flamingo.service.impl.GetCRToolJsonExternalProcess"
                    period="60"
                    PROCESS_ARGS="test"
                    PROCESS_AUTO_ADVANCE="true"
                    timeout="1000000"/>
        </node5>
        <node6
                jcr:primaryType="cq:WorkflowNode"
                title="Create AF Step"
                type="PROCESS">
            <metaData
                    jcr:primaryType="nt:unstructured"
                    PROCESS="/libs/workflow/scripts/flamingoConnector/createAF.ecma"
                    PROCESS_AUTO_ADVANCE="true"/>
        </node6>
        <node7
                jcr:primaryType="cq:WorkflowNode"
                title="End"
                type="END">
            <metaData jcr:primaryType="nt:unstructured"/>
        </node7>
    </nodes>
    <transitions jcr:primaryType="nt:unstructured">
        <node0_x0023_node1
                jcr:primaryType="cq:WorkflowTransition"
                from="node0"
                rule=""
                to="node1">
            <metaData jcr:primaryType="nt:unstructured"/>
        </node0_x0023_node1>
        <node1_x0023_node2
                jcr:primaryType="cq:WorkflowTransition"
                from="node1"
                rule=""
                to="node2">
            <metaData jcr:primaryType="nt:unstructured"/>
        </node1_x0023_node2>
        <node2_x0023_node3
                jcr:primaryType="cq:WorkflowTransition"
                from="node2"
                rule=""
                to="node3">
            <metaData jcr:primaryType="nt:unstructured"/>
        </node2_x0023_node3>
        <node3_x0023_node4
                jcr:primaryType="cq:WorkflowTransition"
                from="node3"
                rule=""
                to="node4">
            <metaData jcr:primaryType="nt:unstructured"/>
        </node3_x0023_node4>
        <node4_x0023_node5
                jcr:primaryType="cq:WorkflowTransition"
                from="node4"
                rule=""
                to="node5">
            <metaData jcr:primaryType="nt:unstructured"/>
        </node4_x0023_node5>
        <node5_x0023_node6
                jcr:primaryType="cq:WorkflowTransition"
                from="node5"
                rule=""
                to="node6">
            <metaData jcr:primaryType="nt:unstructured"/>
        </node5_x0023_node6>
        <node6_x0023_node7
                jcr:primaryType="cq:WorkflowTransition"
                from="node6"
                to="node7">
            <metaData jcr:primaryType="nt:unstructured"/>
        </node6_x0023_node7>
    </transitions>
</jcr:root>
